Phylum,Rank,Kmer,Importance
Acanthocephala,1,GCTGCT,0.2918
Acanthocephala,2,AGGGGG,0.2503
Acanthocephala,3,TAATAG,0.2344
Acanthocephala,4,TATTTT,0.2312
Acanthocephala,5,GGGAGG,0.2265
Acanthocephala,6,GGGTTA,0.2201
Acanthocephala,7,GAGTTG,0.2152
Acanthocephala,8,GTATTT,0.2151
Acanthocephala,9,GGGTAG,0.2108
Acanthocephala,10,TTTAAG,0.2025
Annelida,1,AAAAGG,0.2903
Annelida,2,AGAAAA,0.2747
Annelida,3,AGAACG,0.2505
Annelida,4,ACTGTA,0.2261
Annelida,5,TATACG,0.2260
Annelida,6,AAACTG,0.2154
Annelida,7,GAACGT,0.2075
Annelida,8,GCTCAA,0.2036
Annelida,9,CGAATT,0.2020
Annelida,10,GAGATC,0.1895
Apicomplexa,1,ATATTA,0.4001
Apicomplexa,2,ATTATC,0.2944
Apicomplexa,3,TTTGGT,0.2852
Apicomplexa,4,TATGAT,0.2850
Apicomplexa,5,CTACAG,0.2846
Apicomplexa,6,TTCTGG,0.2421
Apicomplexa,7,GGTACT,0.2370
Apicomplexa,8,TGGGCA,0.2303
Apicomplexa,9,TTGGTA,0.2116
Apicomplexa,10,GTACTA,0.2080
Arthropoda,1,TGGAGA,0.2326
Arthropoda,2,TGGGGA,0.2124
Arthropoda,3,ATAGAC,0.1833
Arthropoda,4,GAATAC,0.1768
Arthropoda,5,GACCAG,0.1761
Arthropoda,6,ATTGAC,0.1741
Arthropoda,7,AGGGGC,0.1649
Arthropoda,8,TGGTGA,0.1618
Arthropoda,9,AATATA,0.1579
Arthropoda,10,CAAATT,0.1574
Ascomycota,1,ATAAAG,0.4832
Ascomycota,2,AGGTAA,0.4758
Ascomycota,3,ATTTAA,0.4315
Ascomycota,4,TCCTTT,0.4101
Ascomycota,5,GTAAAA,0.3844
Ascomycota,6,TATAAA,0.3738
Ascomycota,7,GTAGAT,0.3554
Ascomycota,8,CAGAAA,0.3390
Ascomycota,9,ATTGAA,0.3389
Ascomycota,10,AAGAGA,0.3386
Bacillariophyta,1,AAAGTT,0.5109
Bacillariophyta,2,TGTACT,0.4718
Bacillariophyta,3,GTACTA,0.4718
Bacillariophyta,4,AAAAAA,0.4682
Bacillariophyta,5,TTTATC,0.4500
Bacillariophyta,6,AGTTTA,0.4454
Bacillariophyta,7,CCTCCA,0.4442
Bacillariophyta,8,TTGTAC,0.4441
Bacillariophyta,9,GTGCTA,0.4368
Bacillariophyta,10,GTGAAG,0.4342
Basidiomycota,1,GGTATG,0.8727
Basidiomycota,2,ATATTC,0.7486
Basidiomycota,3,AAAGTA,0.7430
Basidiomycota,4,GTTTAA,0.6910
Basidiomycota,5,TCTGAA,0.6629
Basidiomycota,6,ACAAAT,0.6607
Basidiomycota,7,TCTAAA,0.6308
Basidiomycota,8,AAATGG,0.6226
Basidiomycota,9,ATGGCT,0.6064
Basidiomycota,10,CGATTT,0.5809
Brachiopoda,1,GGATTA,2.2664
Brachiopoda,2,CCCCCC,1.9710
Brachiopoda,3,TCTCAT,1.8388
Brachiopoda,4,TACCCC,1.8323
Brachiopoda,5,TTATGA,1.7543
Brachiopoda,6,AGGATT,1.7002
Brachiopoda,7,GATTAA,1.6358
Brachiopoda,8,GGGATT,1.6132
Brachiopoda,9,CTATGC,1.5885
Brachiopoda,10,TACTGT,1.5596
Bryozoa,1,GGAAGA,0.5668
Bryozoa,2,ATGTAA,0.5366
Bryozoa,3,TACGAA,0.5238
Bryozoa,4,GTTTAA,0.4966
Bryozoa,5,TTGATG,0.4868
Bryozoa,6,AGAGGT,0.4838
Bryozoa,7,CCCATA,0.4553
Bryozoa,8,AGAGGA,0.4270
Bryozoa,9,AGTCAA,0.4203
Bryozoa,10,AATATC,0.4180
Cercozoa,1,TATTTA,6.5476
Cercozoa,2,GTTATT,5.1746
Cercozoa,3,TAGGTT,4.4740
Cercozoa,4,TTATTT,4.4328
Cercozoa,5,ATTTAG,4.3901
Cercozoa,6,TTTAGT,3.9443
Cercozoa,7,TTAGTT,3.7170
Cercozoa,8,AGGTTT,3.6725
Cercozoa,9,TAGTTT,3.5150
Cercozoa,10,CAATAA,3.5133
Chaetognatha,1,TTTTTT,0.6748
Chaetognatha,2,TTTTGT,0.5774
Chaetognatha,3,ACTATA,0.5618
Chaetognatha,4,TAATAG,0.5538
Chaetognatha,5,GTTTGT,0.5491
Chaetognatha,6,AATAGG,0.5269
Chaetognatha,7,AATTTT,0.5001
Chaetognatha,8,GGTCAC,0.4950
Chaetognatha,9,AGCTAA,0.4833
Chaetognatha,10,CTGGTG,0.4721
Chlorophyta,1,AAACAA,2.0139
Chlorophyta,2,AAAACA,1.3723
Chlorophyta,3,AAAAAC,1.3644
Chlorophyta,4,TGGTAT,1.2797
Chlorophyta,5,CAAAAA,1.2171
Chlorophyta,6,AAAAAA,1.1854
Chlorophyta,7,AAAAGC,1.1776
Chlorophyta,8,AAAACG,1.1122
Chlorophyta,9,GTAATG,1.1012
Chlorophyta,10,CAAATA,1.0887
Chordata,1,TGAAGC,0.1185
Chordata,2,TAAAAC,0.1172
Chordata,3,TTAGAA,0.1151
Chordata,4,ATAAGC,0.1136
Chordata,5,AAACAC,0.1115
Chordata,6,ATAAAA,0.1090
Chordata,7,AAAACC,0.1078
Chordata,8,ACATAA,0.1061
Chordata,9,ATATAG,0.1050
Chordata,10,AGCTGC,0.1045
Chytridiomycota,1,TAAAGC,9.4416
Chytridiomycota,2,GGTTAG,9.1345
Chytridiomycota,3,AATGGT,8.9935
Chytridiomycota,4,AAATAT,8.9588
Chytridiomycota,5,ATGTCA,8.8936
Chytridiomycota,6,GTTAGA,8.8807
Chytridiomycota,7,TAGAAG,8.5213
Chytridiomycota,8,TAGATT,7.9126
Chytridiomycota,9,TAAATA,7.8893
Chytridiomycota,10,ATTAAA,7.8170
Ciliophora,1,TTTTGA,0.2670
Ciliophora,2,GAAAAA,0.2193
Ciliophora,3,AAGATG,0.2173
Ciliophora,4,TTTTCG,0.2154
Ciliophora,5,TTTTTA,0.2062
Ciliophora,6,CTAATA,0.2057
Ciliophora,7,TTAGTA,0.1984
Ciliophora,8,AATGAT,0.1967
Ciliophora,9,AAATAG,0.1964
Ciliophora,10,AGAAGA,0.1937
Cnidaria,1,ATATGG,0.2123
Cnidaria,2,CATGGC,0.2106
Cnidaria,3,TTAATA,0.1705
Cnidaria,4,TTTCTG,0.1662
Cnidaria,5,ATGGCT,0.1627
Cnidaria,6,TGATAT,0.1594
Cnidaria,7,GACATG,0.1535
Cnidaria,8,TATGGC,0.1531
Cnidaria,9,GATATG,0.1520
Cnidaria,10,ACCATG,0.1519
Ctenophora,1,TTTTTT,1.4887
Ctenophora,2,TTTTTC,1.2739
Ctenophora,3,TTTTCT,0.8263
Ctenophora,4,TTTCTT,0.7958
Ctenophora,5,TATCCT,0.7735
Ctenophora,6,ATTTCT,0.7231
Ctenophora,7,TTTTCA,0.7172
Ctenophora,8,CTTTTT,0.6798
Ctenophora,9,TATCTT,0.6680
Ctenophora,10,TTTCAT,0.6282
Cycliophora,1,TTATTA,2.5562
Cycliophora,2,AGGTGC,1.5411
Cycliophora,3,TATTAT,1.5260
Cycliophora,4,GTTATT,1.2786
Cycliophora,5,AACGAT,1.1840
Cycliophora,6,TCGTTA,1.1207
Cycliophora,7,TTCAAC,1.0961
Cycliophora,8,TGTCTT,1.0903
Cycliophora,9,ACGATC,1.0856
Cycliophora,10,TCTTAA,1.0844
Discosea,1,GTTTTT,1.6162
Discosea,2,ATATGA,1.3245
Discosea,3,TAGTTT,1.2507
Discosea,4,TTTTTG,1.1955
Discosea,5,AATATG,1.1171
Discosea,6,GGAGGT,1.0641
Discosea,7,TGTAAT,1.0533
Discosea,8,TGTTAT,1.0243
Discosea,9,GCAGGT,0.9843
Discosea,10,ACATTT,0.9598
Echinodermata,1,AAAATG,0.1748
Echinodermata,2,ATGATA,0.1624
Echinodermata,3,AATGGC,0.1285
Echinodermata,4,CGAATG,0.1135
Echinodermata,5,AATGAT,0.1130
Echinodermata,6,ATGCGA,0.1107
Echinodermata,7,AAATGC,0.1093
Echinodermata,8,AATGCG,0.1072
Echinodermata,9,TGATAG,0.1044
Echinodermata,10,AAGGTA,0.1022
Entoprocta,1,AAATAG,6.1413
Entoprocta,2,GAACTG,6.0294
Entoprocta,3,AATAGG,5.5682
Entoprocta,4,GGAGGT,4.9984
Entoprocta,5,TAGGGG,4.9800
Entoprocta,6,ATCTGT,4.6844
Entoprocta,7,ACTTGG,4.6613
Entoprocta,8,GAAATA,4.5292
Entoprocta,9,TAATTT,4.4096
Entoprocta,10,CCTGTA,4.3957
Euglenozoa,1,TTTTTG,2.7976
Euglenozoa,2,GGTGTT,2.7460
Euglenozoa,3,TAACTT,2.7022
Euglenozoa,4,TGATTT,2.6330
Euglenozoa,5,GAGGTG,2.5322
Euglenozoa,6,ATTATT,2.4918
Euglenozoa,7,GGCATG,2.4319
Euglenozoa,8,TTAGTA,2.3117
Euglenozoa,9,AACTTT,2.2028
Euglenozoa,10,AGTTTT,2.1872
Evosea,1,AAAAAA,15.2060
Evosea,2,TTATAT,12.6590
Evosea,3,GTATTT,9.8383
Evosea,4,TAAAAG,9.0025
Evosea,5,GCTTTA,8.4730
Evosea,6,GGAGGT,7.6465
Evosea,7,GGTAAT,7.4161
Evosea,8,ATAAAA,7.3180
Evosea,9,CAAGTA,7.1128
Evosea,10,CGTTTA,7.0466
Gastrotricha,1,TAATAG,1.5029
Gastrotricha,2,TTGAAT,1.3042
Gastrotricha,3,AAATAT,1.2376
Gastrotricha,4,GGGATT,1.2222
Gastrotricha,5,TTTATA,1.2028
Gastrotricha,6,GATTTT,1.2011
Gastrotricha,7,GAATTA,1.1456
Gastrotricha,8,TTGAGC,1.1337
Gastrotricha,9,ATATAA,1.0872
Gastrotricha,10,GGGGGT,1.0727
Haptophyta,1,TTTACT,1.2193
Haptophyta,2,TTTTAC,1.1304
Haptophyta,3,ATTTTA,1.1265
Haptophyta,4,TATCAA,1.1073
Haptophyta,5,TGGTGT,1.0909
Haptophyta,6,CCTGTG,1.0878
Haptophyta,7,TCAATG,1.0737
Haptophyta,8,TTACTT,1.0695
Haptophyta,9,GTGGTT,1.0102
Haptophyta,10,GCTTTT,0.9707
Hemichordata,1,TCATGA,4.3592
Hemichordata,2,AACATG,4.2643
Hemichordata,3,TTTATG,4.1622
Hemichordata,4,GATAGG,4.1523
Hemichordata,5,TGATAG,4.0566
Hemichordata,6,GGCCCA,3.8199
Hemichordata,7,GCCGGA,3.7619
Hemichordata,8,AGGAAC,3.5061
Hemichordata,9,TTTTGG,3.5016
Hemichordata,10,ATGATA,3.3630
Kinorhyncha,1,TTTTTA,1.5936
Kinorhyncha,2,TTTTAA,1.2656
Kinorhyncha,3,AGATTT,1.1229
Kinorhyncha,4,TAGATT,1.1021
Kinorhyncha,5,TGGATC,1.0707
Kinorhyncha,6,ATGGGG,1.0531
Kinorhyncha,7,TTTAAT,1.0008
Kinorhyncha,8,TACTGC,0.9692
Kinorhyncha,9,TTAGAT,0.9020
Kinorhyncha,10,TTCCTG,0.8488
Mollusca,1,GAACGA,0.3448
Mollusca,2,AGAGCG,0.3166
Mollusca,3,AGAACG,0.3037
Mollusca,4,CCTATG,0.2650
Mollusca,5,AGAAGG,0.2554
Mollusca,6,GAAATT,0.2438
Mollusca,7,ATGCAA,0.2390
Mollusca,8,CCAATA,0.2387
Mollusca,9,CCTATA,0.2346
Mollusca,10,CAATAC,0.2326
Mucoromycota,1,AAATTA,2.5946
Mucoromycota,2,TCTAAA,2.3902
Mucoromycota,3,ATTAGA,2.2608
Mucoromycota,4,TTAGAT,2.2169
Mucoromycota,5,ATCTAA,2.1420
Mucoromycota,6,TTATTC,2.0842
Mucoromycota,7,ATGATT,1.8955
Mucoromycota,8,AATATG,1.7820
Mucoromycota,9,AATTAA,1.7444
Mucoromycota,10,ATTCAA,1.7384
Nematoda,1,GGTTGT,0.1923
Nematoda,2,TAGGAC,0.1719
Nematoda,3,TTTATG,0.1707
Nematoda,4,TAAGAA,0.1654
Nematoda,5,AGGACA,0.1622
Nematoda,6,GGTTAT,0.1561
Nematoda,7,ACTATA,0.1535
Nematoda,8,GGTAAT,0.1514
Nematoda,9,CTATTC,0.1512
Nematoda,10,TTTTTA,0.1485
Nematomorpha,1,CTTTTT,0.9025
Nematomorpha,2,TTTTTG,0.7120
Nematomorpha,3,TAATTA,0.7113
Nematomorpha,4,TCTTTT,0.5872
Nematomorpha,5,AGCTTT,0.5857
Nematomorpha,6,CTTAAT,0.5748
Nematomorpha,7,TTCCCC,0.5638
Nematomorpha,8,ATCATC,0.5548
Nematomorpha,9,TTTATT,0.5477
Nematomorpha,10,ATAGCT,0.5429
Nemertea,1,ATAAAT,0.3583
Nemertea,2,GTTATA,0.2769
Nemertea,3,CTGCTG,0.2556
Nemertea,4,TCTTGT,0.2550
Nemertea,5,TGGTCT,0.2540
Nemertea,6,TGTTAT,0.2495
Nemertea,7,TGCTAT,0.2336
Nemertea,8,CTCGAA,0.2268
Nemertea,9,CTCGTA,0.2233
Nemertea,10,TGTAAT,0.2167
Onychophora,1,TTAAAT,0.8155
Onychophora,2,ATTTAA,0.7534
Onychophora,3,ATTAAG,0.5945
Onychophora,4,TTGATT,0.5187
Onychophora,5,CATTTT,0.4242
Onychophora,6,TATGGA,0.4117
Onychophora,7,CGAACT,0.4086
Onychophora,8,TATCTA,0.4054
Onychophora,9,TACGAA,0.3984
Onychophora,10,ACGAAC,0.3957
Oomycota,1,TTTGGT,0.1481
Oomycota,2,TATTAA,0.1380
Oomycota,3,AAATTT,0.1357
Oomycota,4,TTATTA,0.1222
Oomycota,5,TTGGTT,0.1194
Oomycota,6,GGTTTA,0.1191
Oomycota,7,CTATGT,0.1115
Oomycota,8,ATGTTA,0.1112
Oomycota,9,TTATGG,0.1108
Oomycota,10,TATCAA,0.1074
Phoronida,1,AGAGGG,5.8968
Phoronida,2,AGGAGA,4.7170
Phoronida,3,GAAATA,4.1968
Phoronida,4,GAGGAG,4.1103
Phoronida,5,AAATAT,3.9544
Phoronida,6,TATTGC,3.9141
Phoronida,7,GCTTAG,3.9121
Phoronida,8,TAGAGC,3.8639
Phoronida,9,GGAGTT,3.8420
Phoronida,10,GTTCTG,3.8256
Platyhelminthes,1,TATATG,0.2384
Platyhelminthes,2,ATATGT,0.2081
Platyhelminthes,3,AAGGAT,0.1915
Platyhelminthes,4,GTTTTC,0.1637
Platyhelminthes,5,GCATAT,0.1611
Platyhelminthes,6,TGATTA,0.1481
Platyhelminthes,7,CTTGAT,0.1471
Platyhelminthes,8,TGCTTG,0.1447
Platyhelminthes,9,GTAAAT,0.1402
Platyhelminthes,10,GTTTAA,0.1376
Porifera,1,TTTAGT,0.3351
Porifera,2,GAATAA,0.2328
Porifera,3,GGAATA,0.2304
Porifera,4,ATTTAG,0.2236
Porifera,5,ATTTGG,0.2218
Porifera,6,AATATT,0.2041
Porifera,7,CAAACA,0.1922
Porifera,8,AAAATA,0.1903
Porifera,9,GCCTTT,0.1867
Porifera,10,TTTGAG,0.1795
Priapulida,1,ATTTAA,1.5200
Priapulida,2,GGGGCT,1.4415
Priapulida,3,GCTGGG,1.2563
Priapulida,4,TGGGGG,1.1590
Priapulida,5,GGGGGC,1.1450
Priapulida,6,CAATTT,1.0583
Priapulida,7,ATTTTA,0.9857
Priapulida,8,ACTACC,0.9609
Priapulida,9,TTATAT,0.9305
Priapulida,10,AATATT,0.9282
Rhodophyta,1,CAAAGT,0.1750
Rhodophyta,2,ATGTAT,0.1691
Rhodophyta,3,ACAAAG,0.1144
Rhodophyta,4,TCAGGA,0.1105
Rhodophyta,5,AGTCAT,0.1053
Rhodophyta,6,CATTTT,0.1029
Rhodophyta,7,AAGTCA,0.1020
Rhodophyta,8,ATGCCT,0.1019
Rhodophyta,9,TATGGT,0.0985
Rhodophyta,10,ATCCAG,0.0938
Rotifera,1,ATGAGC,0.1914
Rotifera,2,GATGAG,0.1607
Rotifera,3,CTATGG,0.1591
Rotifera,4,TTTTAG,0.1489
Rotifera,5,GGTTAC,0.1450
Rotifera,6,TCGTAC,0.1354
Rotifera,7,TGAGCA,0.1345
Rotifera,8,GCTGAT,0.1304
Rotifera,9,GATCGT,0.1302
Rotifera,10,GTTAGG,0.1250
Streptophyta,1,CATAAA,0.3495
Streptophyta,2,ATCAAA,0.3310
Streptophyta,3,ATGGTT,0.3308
Streptophyta,4,TCTAGT,0.3302
Streptophyta,5,AGATCA,0.3254
Streptophyta,6,CGATTC,0.3150
Streptophyta,7,AACAAG,0.3143
Streptophyta,8,ATGGAA,0.3062
Streptophyta,9,TCATAA,0.3018
Streptophyta,10,AGATTA,0.2965
Tardigrada,1,GAACAA,0.9266
Tardigrada,2,AGAACA,0.7120
Tardigrada,3,TCTCAA,0.6009
Tardigrada,4,TAGATC,0.5004
Tardigrada,5,AACAAG,0.4536
Tardigrada,6,TCTAAT,0.4282
Tardigrada,7,TATTTT,0.4244
Tardigrada,8,ATAAAT,0.4225
Tardigrada,9,ATTCTA,0.4178
Tardigrada,10,TTCTAA,0.4086
Xenacoelomorpha,1,GGGGGG,1.3566
Xenacoelomorpha,2,ATGAGA,1.1839
Xenacoelomorpha,3,AATGAG,1.1379
Xenacoelomorpha,4,GAGATC,1.1362
Xenacoelomorpha,5,CTGGAG,1.1021
Xenacoelomorpha,6,GGAGGA,1.0131
Xenacoelomorpha,7,AATTTT,0.9955
Xenacoelomorpha,8,TATTAA,0.9847
Xenacoelomorpha,9,CTTTTT,0.9673
Xenacoelomorpha,10,AAGAGA,0.9602
Zoopagomycota,1,AAAAAA,32.1129
Zoopagomycota,2,ATTTAA,11.8071
Zoopagomycota,3,ATTAAA,11.8019
Zoopagomycota,4,TTTAAT,11.5741
Zoopagomycota,5,AAATAT,10.5618
Zoopagomycota,6,TTAAAA,10.1445
Zoopagomycota,7,TCTAAA,8.1796
Zoopagomycota,8,AAAATA,7.8362
Zoopagomycota,9,AATTTA,7.7587
Zoopagomycota,10,TAAAAA,7.5466
phylum_Bigyra,1,CTTTTG,8.8870
phylum_Bigyra,2,CTATTT,6.9406
phylum_Bigyra,3,TTTTGC,6.4697
phylum_Bigyra,4,GAAGCT,6.2798
phylum_Bigyra,5,TTTGGC,6.2734
phylum_Bigyra,6,TAACTG,6.2110
phylum_Bigyra,7,GGTACC,5.9910
phylum_Bigyra,8,GTAACT,5.8004
phylum_Bigyra,9,AACTAT,5.5477
phylum_Bigyra,10,ACCTTT,5.5412
phylum_Chrysophyceae,1,CTTTTT,3.8951
phylum_Chrysophyceae,2,TTTTAA,3.7875
phylum_Chrysophyceae,3,TTTTGG,3.6893
phylum_Chrysophyceae,4,TTTTTG,3.5596
phylum_Chrysophyceae,5,TTTAGT,3.5574
phylum_Chrysophyceae,6,ATTTTA,3.5277
phylum_Chrysophyceae,7,TTAGTT,3.5139
phylum_Chrysophyceae,8,TGGAGG,3.3291
phylum_Chrysophyceae,9,AATTTT,3.1594
phylum_Chrysophyceae,10,CATTTT,3.1430
phylum_Dinophyceae,1,TATCTT,1.1864
phylum_Dinophyceae,2,ATCTTA,1.1807
phylum_Dinophyceae,3,CTTTTC,1.1396
phylum_Dinophyceae,4,TCTTTT,0.9650
phylum_Dinophyceae,5,CCTATC,0.7321
phylum_Dinophyceae,6,ATCTTT,0.7154
phylum_Dinophyceae,7,TCAGGA,0.7122
phylum_Dinophyceae,8,CAATCT,0.6911
phylum_Dinophyceae,9,AATCTT,0.6664
phylum_Dinophyceae,10,TCTCTT,0.6594
phylum_Phaeophyceae,1,GGTATG,0.1981
phylum_Phaeophyceae,2,GTATGG,0.1637
phylum_Phaeophyceae,3,TTTTTG,0.1576
phylum_Phaeophyceae,4,TAAGTG,0.1567
phylum_Phaeophyceae,5,TTTAGC,0.1532
phylum_Phaeophyceae,6,TGGTAT,0.1532
phylum_Phaeophyceae,7,GCTTCT,0.1500
phylum_Phaeophyceae,8,TTTTGG,0.1470
phylum_Phaeophyceae,9,TCAGTT,0.1442
phylum_Phaeophyceae,10,TTTTTA,0.1435
phylum_Raphidophyceae,1,CAGTTT,2.1538
phylum_Raphidophyceae,2,TTACCA,2.0249
phylum_Raphidophyceae,3,TTTTGG,1.9143
phylum_Raphidophyceae,4,ATTTTA,1.8885
phylum_Raphidophyceae,5,ACCCGG,1.7432
phylum_Raphidophyceae,6,ACTTTT,1.7202
phylum_Raphidophyceae,7,AGCCAT,1.6893
phylum_Raphidophyceae,8,TGGTAT,1.6370
phylum_Raphidophyceae,9,TGTATC,1.6319
phylum_Raphidophyceae,10,ATATTG,1.6221
phylum_Synurophyceae,1,AATGGT,1.5145
phylum_Synurophyceae,2,TTTCAA,1.4272
phylum_Synurophyceae,3,GGTTTT,1.2860
phylum_Synurophyceae,4,GTCATG,1.2492
phylum_Synurophyceae,5,TTAGTA,1.2315
phylum_Synurophyceae,6,CAACTT,1.2168
phylum_Synurophyceae,7,TTATCA,1.2151
phylum_Synurophyceae,8,GGTGTA,1.1934
phylum_Synurophyceae,9,TTTTTA,1.1648
phylum_Synurophyceae,10,TATGTA,1.1524
